Model,Accuracy
Logistic Regression,0.36477987421383645
Decision Tree,0.3710691823899371
Random Forest,0.36477987421383645
Tuned Random Forest,0.3836477987421384
